Author_Name,Author_Biography,Source,Publications
"AARON, HENRY, 1934- .",": </strong>Baseball player; sports executive; businessman. Born&#8211; February 5, 1934, Mobile. Parents&#8211; Herbert and Estella Aaron. Education&#8211; Attended public schools. Married&#8211;(1) Barbara Lucas. Children&#8211; Five. Married&#8211;(2) Billye Williams. Children&#8211; One. Played baseball with the Milwaukee Braves. 1954-65;  with the Atlanta Braves in 1966-1974; with the Milwaukee Brewers, 1975-76.  Set the record for career home runs, 1974. Recipient of many baseball honors; Inducted into the Baseball Hall of Fame, 1982; named to National League All-Star Team every year, 1955-74.  Awarded the honorary degree of HHD, Princeton University, 2011.  Presidential Medal of Freedom, 2002.</p>
<p>",":</strong></p>
<p>Marquis Who&#8217;s Who online.</p>
<p>","(s):</strong></p>
<p>&#8220;Aaron, r.f.&#8221; Cleveland; World Publishing Co., 1968.</p>
<p>I had a Hammer; the Hank Aaron Story. New York; Harper/Collins, 1991.</p>
<p><strong>Joint_Publication(s):</strong></p>
<p>Bad Henry. Radnor, Pa.; Chilton, 1974.</p>
<p>Hitting the Aaron Way. Englewood Cliffs, N.J.; Prentice-Hall, 1974.</p>
<p><strong>Contributor:</strong></p>
<p>How to Hit and Run the Bases. New York; Grossett and Dunlap, 1971.</p>

				</div>

				"
"ABERNATHY, MABRA GLENN, 1921-1990.",":</strong></p>
<p>Political scientist; University professor. Born&#8211; November 25, 1921, Birmingham. Parents&#8211; James Robert and Lynia Esther (Vines) Abernathy. Married&#8211; Nancy Katherine Perry, September 6, 1949. Children&#8211; Three. Education&#8211; Birmingham Southern College, B.S., 1942; University of Alabama, M.A., 1947; University of Wisconsin, Ph.D., 1953. Served with the U.S. Army Air Force, 1942-1946; reached rank of captain.  Taught political science at the University of Alabama, 1948-1949;  at the University of South Carolina 1951-1986.  Director of the Bureau of Governmental Research at USC, 1972-86.  Member Southern Political Science Association; American Political Science Association; American Association of University Professors.  Received the Russell Award for Creative Research, University of South Carolina, 1963; awarded emeritus status, 1986.  Died June 5, 1990.</p>
<p>",":</strong></p>
<p>Who&#8217;s Who in America, 1980.</p>
<p>Contemporary Authors online, updated 2003.</p>
<p>","(s):</strong></p>
<p>The Administration of Criminal Justice in the Courts of South Carolina. Columbia, S.C.; s.n., 1969.</p>
<p>Civil Liberties Under the Constitution. New York; Dodd, 1968.</p>
<p>Organization and Jurisdiction of the Courts of South Carolina. Columbia, S.C.; Bureau of Public Administration, University of South Carolina, 1956.</p>
<p>The Right of Assembly and Association. Columbia, S.C.; University of South Carolina Press, 1961.</p>
<p><strong>Joint_Publication(s):</strong></p>
<p>The Judicial System of South Carolina. New York; Institute of Judicial Administration, 1971.</p>
<p><strong>Joint_Editor:</strong></p>
<p>The Carter Years; the President and Policy Making. New York; St. Martins, 1984.</p>

				</div>

				"
"ABERNATHY, RALPH DAVID, 1926-1990","; obituary.</p>
<p>","s;</strong></p>
<p>Dictionary of American Biography; obituary.</p>
<p>","s;</strong></p>
<p>And the Walls Came Tumbling Down.  New York:  Harper and Row, 1989.</p>
<p><strong>Contributor;</strong></p>
<p>Garrow, David.  The Walking City; The Montgomery Bus Boycott, 1955-56.  Carlson, 1989.</p>

				</div>

				"
"ABERNETHY, CECIL EMORY, 1908-1991.",":</strong></p>
<p>University professor. Born&#8211; April 8, 1908, Charleston, S.C. Parents&#8211; William H. and Annie Pierce (Rast) Abernethy. Education&#8211; Birmingham Southern College, A.B., 1930; University of North Carolina, M.A., 1935; Vanderbilt University, Ph.D., 1940. Taught at West End High School in Birmingham, 1931-1935; University of Alabama, 1937-1938; Birmingham Southern College after 1939. Member of the Modern Language Association; the executive committee of the Southern Association of Colleges and Schools; Phi Beta Kappa. Died August 8, 1991.</p>
<p>",":</strong></p>
<p>Who&#8217;s Who in America, 1974.</p>
<p>","(s):</strong></p>
<p>Mr. Pepys of Seething Lane. New York; McGraw, 1957.</p>
<p><strong>Assistant_Editor:</strong></p>
<p>Centennial Edition of the Works of Sidney Lanier, Vol. 5. Baltimore; Johns Hopkins Press, 1945.</p>

				</div>

				"
"ABERNETHY, THOMAS PERKINS, 1890-1975.",":</strong></p>
<p>Historian; University professor. Born&#8211; August 25, 1890, Collirene (Lowndes County).  Parents&#8211; Thomas Hines and Anne (Rast) Abernethy. Married&#8211; Ida Erckman Robertson, December 6, 1917. Education&#8211; College of Charleston, A.B., 1912; Harvard University, M.A., 1915, Ph.D., 1922.  Military service, U.S. Army, World War I. Taught at Marion Institute, 1912-1914 and 1919; Women&#8217;s College of Alabama, 1916-1917; Vanderbilt University, 1921; University of Chattanooga, 1922-1928; University of Alabama, 1928-1930; University of Virginia, Richmond Alumni Professor of History, 1930-1961; University of Texas, 1961-1962; University of Arizona, 1963-1964.  Contributed to many professional journals and anthologies. Member American Historical Society; founder and president, Southern Historical Society; member Virginia Historical Society. Honors; Litt. D., Washington and Lee University, 1947; Phi Beta Kappa Award for best historical work, 1961, for <em>The South in the New Nation. </em> Honored by a festschrift entitled <em>The Old Dominion; Essays for Thomas Perkins Abernethy</em>, edited by Darrett B. Rutman.  Died Charlottesville, Virginia, November 12, 1975.</p>
<p>",":</strong></p>
<p>American Authors and Books; the Dictionary of Alabama Biography; and Contemporary Authors Online.</p>
<p>","(s):</strong></p>
<p>The Antecedents of the Abernethy Family in Scotland, Virginia, Old Alabama. Charlottesville, Va.; s.n., 1966.</p>
<p>The Burr Conspiracy. New York; Oxford University Press, 1954.</p>
<p>The Formative Period in Alabama, 1815-1928. Montgomery, Ala.; Brown Printing Co., 1922.</p>
<p>From Frontier to Plantation in Tennessee; a Study in Frontier Democracy. Chapel Hill, N.C.; University of North Carolina Press, 1932.</p>
<p>Historical Sketches of the University of Virginia. New York; Appleton Century, 1937.</p>
<p>Notes and Suggestions, Commercial Activities of Silas Deane in France. S.l.; s.n., 1934.</p>
<p>The South in the New Nation, 1789-1819. Baton Rouge, La.; Louisiana State University Press, 1961.</p>
<p>Southern Frontiers of the War of 1812.  Tuscaloosa; University of Alabama Press, 1967.</p>
<p>Three Virginia Frontiers. Baton Rouge, La.; Louisiana State University Press, 1940.</p>
<p>Western Lands and the American Revolution. Charlottesville, Va.; University of Virginia, Institute for Research in the Social Sciences, 1937.</p>
<p><strong>Co-author; </strong></p>
<p>The Pursuit of Southern History.  LSU Press, 1964.</p>
<p><strong>Editor;</strong></p>
<p>Jefferson, Thomas.  Notes on the State of Virginia.  New York; Harper and Row, 1964.</p>
<p><strong>Contributor;</strong></p>
<p>Bugg, James L., ed.  Jacksonian Democracy; Myth or Reality.  New York; Holt, 1962.</p>
<p>Jones, Edward T. The American Plutarch. New York; Scribner, 1964.</p>
<p>Wyman, Walker D. and Kroeber, Clifton B., eds., The Frontier in Perspective.  Madison:  University of Wisconsin Press, 1957.</p>
<p><strong>Papers;</strong></p>
<p>The papers of Thomas Perkins Abernethy (including professional and personal material) are held in the Special Collections of the Alderman Library at the University of Virginia.</p>

				</div>

				"
"ABERNETHY, THOMAS YOUNG, 1908-1968",":</strong></p>
<p>Journalist; teacher. Born&#8211; April 19, 1908, Brookwood. Parents: Paul Lee and Addie Lee Abernethy.  Married; Louise Wallis, June 24, 1932.  Education&#8211; Birmingham Southern College. Worked as a schoolteacher and later for the Sylacauga News, Dothan Eagle, Houston Press; editor and part owner of the Talladega Home, 1936-50. Republican candidate for governor of Alabama, 1954. Delegate to Republican National Convention, 1956, 1960, 1964.  Member of Republican National Committee, 1961.  Received a Neiman Travel Grant, 1956. Died March 7, 1968.</p>
<p>",":</strong></p>
<p>Preface to Wood Smoke II.</p>
<p>","(s):</strong></p>
<p>Wood Smoke. Kingsport, Tenn.; Kingsport Press, 1967.</p>
<p>Wood Smoke II. Talladega, Ala.; Brannons, Inc., 1975.</p>

				</div>

				"
"ACCARDI, JAMES ROY, 1949-",":</strong> Attorney; prosecutor. Born&#8211; August 31, 1949, Berea, Ohio. Parents&#8211; Roy R. and Jeanne (Burns) Accardi. Married&#8211; Marian Elizabeth Hollon, June 24, 1989.  Children&#8211;two.  Education&#8211; University of North Alabama, B.S., 1971; University of Alabama, J.D., 1974. Admitted to Alabama Bar, 1974. Employed as assistant district attorney and deputy assistant district attorney in Madison County, Ala., 1974-  until his retirement ; in private practice in Huntsville, 1980-81. Adjunct assistant professor of criminal justice at the University of Alabama in Huntsville after 1979. President of the Board of Directors, Family Services Center, Huntsville, 1991-92.  Author of numerous essays and profiles.</p>
<p>",":</strong> James R. Accardi, Huntsville, Ala.. Marquis Who&#8217;s Who online.</p>
<p>","(s):</strong> The Abridged Significant Historie of the Western World. Huntsville, Ala.; A.M. Press, 1979.</p>
<p>Amber Aspects.  1988</p>

				</div>

				"
"ACEE, JOE G., 1906-1996.",":</strong></p>
<p>Journalist;  teacher; coach; editor; postal employee. Born&#8211; January 28, 1906, Grenada, Miss. Parents&#8211; Joseph Livingston and Sadie (Cornick) Acee. Married&#8211; Chrystel Maddox, May 20, 1934. Children&#8211; One. Education&#8211; Mississippi College, B.A., 1928; University of Alabama, M.A., 1932; attended the University of Virginia and Mississippi State University. Served in the U.S. Navy in WWII. Taught and coached in the school systems of Cullman County, 1928-1929; Cambridge, Md., 1929-1931; Armstrong College (W.Va.), 1932-1933. Edited the Sulligent News, 1934-1952; worked for the U.S. Postal Service, 1950-1968. For ten years he wrote weekly columns for the Birmingham News and for the Birmingham News Herald. Wrote articles for the New York Times, Chicago Tribune, and other newspapers and periodicals.  Died July 2, 1996.</p>
<p>",":</strong></p>
<p>Who&#8217;s Who in America, 1972.</p>
<p>","(s):</strong></p>
<p>Lamar County History and Events. Vernon, Ala.; Lamar County Department of Education, 1971.</p>
<p>You Are There With The True Adventures of Rube Burrows. Vernon, Ala.; The Lamar Democrat, 1973.</p>
<p>Lamar County History; 3rd Rev. Bicentennnial Edition. Vernon, Ala.; Lamar Democrat, 1976.</p>
<p>Alabama&#8217;s Most Famous Train Robber. Rev. Ed. Vernon, Ala.; Lamar Democrat, 1984.</p>

				</div>

				"
"ACKER, MARTHA WALTERS, 1934-",":</strong></p>
<p>Genealogist; historian. Born&#8211; December 10, 1934, Atlanta, Ga. Parents&#8211; Harold Lee and Agnes (Stoner) Walters. Married&#8211; William Marsh Acker, Jr., April 13, 1957. Children&#8211; Two.  Education&#8211; Duke University, B.A., 1956.</p>
<p>",":</strong></p>
<p>Martha Walters Ackers.</p>
<p>","(s):</strong></p>
<p>Deeds of Franklin County, Georgia, 1784-1826. Birmingham, Ala.; Author, 1976.</p>
<p>Index to Deeds of Franklin County, Georgia, 1784-1860. Birmingham, Ala.; Author, 1976.</p>
<p>Franklin County, Georgia, Court of Ordinary Records, 1787-1849.  Birmingham, Ala., Author, 1989.</p>
<p>Franklin County, Georgia, Marriages, December 1805-December 1850. Birmingham, Ala., Author, 1987.</p>
<p>Franklin County, Georgia, Tax Digest, Vol. 1, 1798-1807. Birmingham, Ala.; Author, 1980.</p>
<p>Franklin County, Georgia, Tax Digest, Vol. 2, 1808-1818. Birmingham, Ala.; Author, 1981.</p>
<p>Franklin County, Georgia, Tax Digest, Vol. 3, 1819-1982. Birmingham, Ala.; Author, 1982.</p>
<p>Sewell:  Maryland to NC, GA, and beyond.  Birmingham, Ala., Author, 1992.</p>
<p><strong>Indexer:</strong></p>
<p>History of Furman, Snow Hill, and Ackerville (Wilcox Co., Alabama). S.l.; s.n., 1977.</p>

				</div>

				"
"ACTON, HUL-CEE MARCUS, 1897-1981",":</strong></p>
<p>Linguist; college professor of French. Born&#8211; April 21, 1897, Louisville, Ky. Parents&#8211; J. W. and Hattie (Gooch) Acton. Married&#8211; Virginia Franklin, July 18, 1927. Children&#8211; One. Education&#8211; Georgetown  College (Kentucky), A.B., 1917; University of Wisconsin, M.A., 1920, Ph.D., 1925; further study at the Sorbonne, Paris. Taught at Georgetown College, Kentucky, 1917-1918; University of Wisconsin, 1920-1925; Samford University, 1926-1967. Head of the language department at Samford, 1937-67.  Member of the American Association of Teachers of French, South Atlantic Modern Language Association, and Modern French Drama Association. Awarded the status of  &#8220;Officier d&#8217;Academie avec Palmes Academiques&#8221; by the French government in 1950, in recognition of his services in teaching the French language and culture.  Died January 17, 1981.</p>
<p>",":</strong></p>
<p>Sulzby, James F., Jr.  Toward a History of Samford University.  Samford University Press, 1986.</p>
<p>Directory of American Scholars, 6th ed.; Who&#8217;s Who in Alabama, Vol. 2.</p>
<p>","(s):</strong></p>
<p>Chalk, Termites, and God&#8217;s Country. Birmingham, Ala.; Banner Press, 1967.</p>
<p>History of the Tau Theta Kappa Society of Georgetown College.  Georgetown, KY:  Tau Theta Kappa, 1918.</p>
<p>The Pierian Club of Birmingham, with Biographies of Members and Memories of East Lake. Birmingham, Ala.; Banner Press, 1962.</p>
<p>The Soldier in Modern French Drama. Madison; University of Wisconsin, 1926.</p>
<p><strong>Editor:</strong></p>
<p>La Nez d&#8217;un Notaire. Englewood Cliffs, N.J.; Prentice-Hall, 1929.</p>
<p><strong>Papers; </strong>Three folders of the papers of Hul-Cee Marcus Acton are held by the library at Samford University.</p>

				</div>

				"
"ADAMS, BERTHELL TULLIS, 1909-1997",":</strong></p>
<p>Teacher. Born&#8211; October 22, 1909, Fort Payne. Parents&#8211; Cazzie Nathaniel and Bessie Lee (Austin) Tullis. Education&#8211; DeKalb County High School; Jacksonville State University, diploma for completion of the two year course, 1937, B.S, 1953. Married&#8211; Mitchell Adams, 1935. Children&#8211; Two. Taught school in Alabama, 1937-1969; sponsored the Ider High School Poetry Society, 1960-1972; compiled five anthologies of Ider High School students&#8217; original poems. Sunday School teacher for more than forty years; wrote and directed plays and programs for the school and the church; had poems published in several annuals and anthologies. Member Alpha Delta Kappa Honorary Society, Ider Garden Club, DeKalb County Teachers Association and Retired Teachers Association. Honors&#8211; Honored by Landmarks of DeKalb County in Fort Payne, December 9, 1984. Died February 28, 1997.</p>
<p>",":</strong></p>
<p>Trailing Smokes.</p>
<p>Berthell Adams, Ider, Ala..</p>
<p>","(s):</strong></p>
<p>Birds About Our Place. Ider, Ala.; Author, 1975,</p>
<p>Hidden Jewels. Ider, Ala.; Author, 1980.</p>
<p>Joys of Living. Ider, Ala.; Author, 1976.</p>
<p>Trailing Smokes; a Pictorial History of Ider School District, DeKalb County, Alabama. Ider, Ala.; Author, 1973.</p>

				</div>

				"
"ADAMS, EMILY CAMPBELL, 1862-1936",":</strong></p>
<p>Writer. Born&#8211; October 7, 1862, Mobile. Parents&#8211; Timoleo and Helen (Campbell) Adams. Lifelong resident of Mobile and a charter member of the Pen Women of Mobile; wrote prose and poetry; work appeared in the New Orleans newspapers, Colliers, Golden Age, the Chicago Advance and other periodicals and anthologies. Died August 26, 1936.</p>
<p>",":</strong></p>
<p>The Anthology of Alabama Poetry, 1928, and the Mobile Press Register, August 27, 1936.</p>
<p>","(s):</strong></p>
<p>Poems. Home, Okla.; Scroll Press, 1930.</p>

				</div>

				"
"ADAMS, FRANK “DOC,” 1928-2014",#Null,#Null,#Null
"ADAMS, GEORGE IRVING, 1870-1932",":</strong></p>
<p>Geologist; professor of geology and mineralogy.  Born&#8211; August 17, 1870, Lena, Illinois.  Parents&#8211;  Howard Brooks and Ruth Ann (Harris) Adams.  Married&#8211; Bertha Barin, 1914. Education&#8211; Kansas State Normal School, Emporia, graduated 1889; University of Kansas, B. A., 1893, M.A.,. 1895; Princeton University, Doctor of Science, 1896; postdoctoral study in Munich, Germany, 1897-98., and at Yale, 1911.  Instructor in Natural Sciences, Kansas State Normal School, 1893-94; worked for the United States Geological Survey, 1898-1904; chief hydrologist for the national corps of mining engineers of Peru, 1904-1906; geologist for the Division of Mines of the Philippine Bureau of Science, Manila, 1908-1910.  Professor of geology at Pei Yang University,  Tientsin, China, 1912-1915; at the Peking Government University, 1915-1920; Head of the Department of Geology and Mineralogy at the University of Alabama, 1920-1932; Director of the Geological Survey of Alabama, 1927-32. Author of many studies in scientific journals. Elected fellow of the Geology Society of America, 1902; member of the American Association for the Advancement of Science; the Mineralogical Society of America, the American Association of Petroleum Geologists, and and the Geological Society of Washington. Elected to Phi Beta Kappa. Died September 8, 1932.</p>
<p>","s;</strong></p>
<p>Burchard,, Ernest F.  &#8220;Memorial of George Irving Adams,&#8221; Bulletin of the Geological Society of America,  Vol. XLIV (1933), 288-301.</p>
<p><em>Who Was Who in America</em>, Vol. 1.</p>
<p>","(s):</strong></p>
<p>Elements of Sentence Structure. New York; Prentice, 1937.</p>
<p>Key to Exercises in Elements of Sentence Structure. New York; Prentice, 1937.</p>
<p>The Montgomery Theatre, 1822-1835. University, Ala.; University of Alabama Press, 1955.</p>
<p>Organization, Logic and Style. Auburn, Ala.; Privately printed, 1938.</p>
<p>Outlining and Precis. Montgomery, Ala.; Paragon Press, 1941.</p>
<p><strong>Joint_Publication(s):</strong></p>
<p>Exercises To be Used with Organization, Logic, and Style. Auburn, Ala.; Privately printed, 1938.</p>

				</div>

				"
"ADAMS, HENRY WELCH, 1898-1973",":</strong></p>
<p>Literary scholar; professor of English. Born&#8211; April 2, 1898, Bonham, Tex. Education&#8211; Southern Methodist University, A.B., 1921; Columbia University, A.M., 1929. Taught English at Southern Methodist, 1921-1926; Columbia University, 1927-1928; Auburn University, 1928-1946; Georgia Institute of Technology, 1946 until his retirement. Died October 3, 1973.</p>
<p>",":</strong></p>
<p>Directory of American Scholars, 1969.</p>
<p>","(s):</strong></p>
<p>Elements of Sentence Structure. New York; Prentice, 1937.</p>
<p>Key to Exercises in Elements of Sentence Structure. New York; Prentice, 1937.</p>
<p>The Montgomery Theatre, 1822-1835. University, Ala.; University of Alabama Press, 1955.</p>
<p>Organization, Logic and Style. Auburn, Ala.; Privately printed, 1938.</p>
<p>Outlining and Precis. Montgomery, Ala.; Paragon Press, 1941.</p>
<p><strong>Joint_Publication(s):</strong></p>
<p>Exercises To be Used with Organization, Logic, and Style. Auburn, Ala.; Privately printed, 1938.</p>

				</div>

				"
"ADKINS, WALTER ROBERTS, JR, 1921-2011",";</strong></p>
<p>U.S. Army officer.  Born&#8211;September 21, 1921, Montevallo.  Parents&#8211; Walter R. and Clara E. Adkins.  Married&#8211; Jacquelyn Boyette.  Education&#8211; U. S. Military Academy, graduated 1945; University of Alabama, M. A., 1956; Ph. D., 1981.  United States Army, 1945-1975; served in World War II, the Korean conflict, and the Vietnam War; retired with the rank of Colonel, 1975.  Member Rotary Club, Cattlemen&#8217;s Association.  Awarded several military medals, including the Gallantry Cross with Gold Star and the Legion of Merit.  Died December 4, 2011.</p>
<p>","s; </strong></p>
<p>Sammie Cockrell [nephew of Walter R. Roberts]</p>
<p>Obituary, Birmingham News, December 6, 2011.</p>
<p>","s;</strong></p>
<p>Political Development of the Trust Territory of the Pacific Islands.  M. A. Thesis, University of Alabama, 1956.</p>
<p>Organizational Tolerance of Creativity and Innovation; A Comparative Study of Military Organizations.  Ph. D. dissertation, University of Alabama, 1981.</p>
<p>Struggling into War.  AuthorHouse, 2006.</p>
<p>Walking Home from Rock Island. AuthorHouse, 2003.</p>

				</div>

				"
"AGEE, RUCKER, 1897-1985",":</strong></p>
<p>Investment banker; historian; civic leader. Born&#8211; October 22, 1897, Birmingham. Parents&#8211; Walter Claybrook and Louise (Rucker) Agee. Married&#8211; Margaret Dixon Minge, March 27, 1927. Children&#8211; Two. Education&#8211; University of Alabama, B.S., 1919. U.S. Army, WWI. A principal in the investment securities firm Sterne, Agee and Leach, Inc. from 1919.  Member and leader of many state and local civic, educational and charitable organizations in Alabama, including the Birmingham Area Chamber of Commerce, the Boy Scouts of America, and Children&#8217;s Hospital of Alabama. Active in research and preservation of regional and local history and culture. Amassed an outstanding collection of more than 600 maps and atlases, which he donated to the Birmingham Public Library, and a library of Southern History, which he donated to the Hoole Special Collections Library at the University of Alabama. Member Alabama Historical Association; president, 1951-52; and many other local and regional historical groups; a trustee of the Alabama Department of Archives and History.  Honors&#8211; elected to Alabama Academy of Honor, 1975; LL.D., University of Alabama, 1981; Special Award from the Alabama Library Association, 1977; Award of Merit, American Association of State and Local History; Distinguished Service Award, Alabama Historical Commission; Silver Beaver Award, Boy Scouts of America. Died November 1, 1985.</p>
<p>","s:</strong></p>
<p>Alabama Academy of Honor website</p>
<p>bhamwiki</p>
<p>Birmingham Historical Society Newsletter, November 2002.</p>
<p>Who&#8217;s Who in Alabama, Vol. 2.</p>
<p>","(s):</strong></p>
<p>An Exhibit in Commemoration of the 400th Anniversary of Publication by Abraham Ortelius of Theatrum Orbis Terrarum, the World&#8217;s First Atlas. Birmingham, Ala.; s.n., 1970.</p>
<p>Forrest-Streight Campaign of 1863, Preliminary Report. Milwaukee; s.n., 1958.</p>
<p>Let&#8217;s Keep the Record Straight; a Vaudeville of Historical Incidents. Birmingham, Ala.; s.n., 1963.</p>
<p>Twenty Alabama Books. Miami, Fla.; E. A. Seemann, 1975.</p>
<p><strong>Compiler:</strong></p>
<p>Early Mapping of Alabama. Montevallo, Ala.; s.n., 1957.</p>
<p>Maps of Alabama; the Evaluation of the State Exhibits in Printed Maps from the Age of Discovery; a Preliminary Catalogue. Birmingham, Ala.; s.n., 1955.</p>

				</div>

				"
"AHERN, EMILY MARTIN",":</strong></p>
<p>Writer; civic leader. Born&#8211;August 9, 1914,  Chattanooga. Parents&#8211; Benjamin Arthur and Janey Lee (Pickel) Boone. Married&#8211; William Craig Aiken, April 16, 1938. Children&#8211; Two. Education&#8211; McKenzie Business College, Bob Jones College, and Auburn University. Worked for Dixie Foundry Company in Cleveland, Tenn.; Central Alabama Electric Cooperative; correspondent for the Montgomery Advertiser, United Press International, the Prattville Progress, the REA News, and the Birmingham News. Associated with WSFA-TV in Montgomery, 1954-1979. Member of the Prattville Planning Commission; Prattville Service League, Alabama Historical Association, the National Writers Club, National Press Photographers Association, Alabama Women&#8217;s Press Association, Lee County Historical Society, Daughters of the American Revolution, Autauga County Heritage Association, and Auburn Heritage Association; charter member and chairman of the Prattville Community Girl Scouts committee.  Died December 16, 2001.</p>
<p>",":</strong></p>
<p>The Library of Alabama Lives; Who&#8217;s Who in the South and Southwest, 1982.</p>
<p>","(s):</strong></p>
<p>Will Howard Smith and McQueen Smith Farms. Prattville, Ala.; s.n., 1971.</p>

				</div>

				"
"AIKEN, BOONE",":</strong></p>
<p>Writer; civic leader. Born&#8211;August 9, 1914,  Chattanooga. Parents&#8211; Benjamin Arthur and Janey Lee (Pickel) Boone. Married&#8211; William Craig Aiken, April 16, 1938. Children&#8211; Two. Education&#8211; McKenzie Business College, Bob Jones College, and Auburn University. Worked for Dixie Foundry Company in Cleveland, Tenn.; Central Alabama Electric Cooperative; correspondent for the Montgomery Advertiser, United Press International, the Prattville Progress, the REA News, and the Birmingham News. Associated with WSFA-TV in Montgomery, 1954-1979. Member of the Prattville Planning Commission; Prattville Service League, Alabama Historical Association, the National Writers Club, National Press Photographers Association, Alabama Women&#8217;s Press Association, Lee County Historical Society, Daughters of the American Revolution, Autauga County Heritage Association, and Auburn Heritage Association; charter member and chairman of the Prattville Community Girl Scouts committee.  Died December 16, 2001.</p>
<p>",":</strong></p>
<p>The Library of Alabama Lives; Who&#8217;s Who in the South and Southwest, 1982.</p>
<p>","(s):</strong></p>
<p>Will Howard Smith and McQueen Smith Farms. Prattville, Ala.; s.n., 1971.</p>

				</div>

				"
"AIKEN, ELlZABETH BOONE, 1914-2001",":</strong></p>
<p>Writer; civic leader. Born&#8211;August 9, 1914,  Chattanooga. Parents&#8211; Benjamin Arthur and Janey Lee (Pickel) Boone. Married&#8211; William Craig Aiken, April 16, 1938. Children&#8211; Two. Education&#8211; McKenzie Business College, Bob Jones College, and Auburn University. Worked for Dixie Foundry Company in Cleveland, Tenn.; Central Alabama Electric Cooperative; correspondent for the Montgomery Advertiser, United Press International, the Prattville Progress, the REA News, and the Birmingham News. Associated with WSFA-TV in Montgomery, 1954-1979. Member of the Prattville Planning Commission; Prattville Service League, Alabama Historical Association, the National Writers Club, National Press Photographers Association, Alabama Women&#8217;s Press Association, Lee County Historical Society, Daughters of the American Revolution, Autauga County Heritage Association, and Auburn Heritage Association; charter member and chairman of the Prattville Community Girl Scouts committee.  Died December 16, 2001.</p>
<p>",":</strong></p>
<p>The Library of Alabama Lives; Who&#8217;s Who in the South and Southwest, 1982.</p>
<p>","(s):</strong></p>
<p>Will Howard Smith and McQueen Smith Farms. Prattville, Ala.; s.n., 1971.</p>

				</div>

				"
"AINSWORTH, CHARLES HAROLD, 1935-",":</strong></p>
<p>Anthropologist; college professor. Born&#8211; April 1, 1935, Shreveport, Louisiana. Parents&#8211;Ottis W. and Fern Clark Ainsworth. Married&#8211; Winnie Tew, January 20, 1964.   Children&#8211; Three. Education&#8211; Northwestern State University, A.B., 1959, M.A., 1964; University of Alabama, Ed.D., 1975; University of Washington, Ph.D., 1982. Served as Latter Day Saints missionary to Brazil, 1959 to 1962; grade school teacher in New Orleans, 1964; chaplain in the U.S. Army, 1964-1965; instructor at the University of Alabama-Birmingham, 1965-1968;  University of Montevallo, 1968-1978; University of Washington, 1978-1980, and the University of Idaho after 1980. Member of the American Anthropological Society and the Mormon Historical Association.</p>
<p>",":</strong></p>
<p>Contemporary Authors online; International Authors and Writers Who&#8217;s Who, 8th ed.; files at the library at the University of Montevallo.</p>
<p>","(s):</strong></p>
<p>Barriers and Stimulants to Change Among the Ute Indians.  University of Montevallo, 1974.</p>
<p>Ute Indian Culture; From Tradition to the Reservation.  University of Montevallo, 1974.</p>
<p><strong>Editor;</strong></p>
<p>Selected Readings for Introductory Anthropology. New York; MSS Information Corp., 1974.</p>
<p>Selected Readings for Marriage and the Family. New York; MSS Information Corp., 1973.</p>
<p>Perspectives for Introductory Sociology. Montevallo, Ala.; Author, 1975.</p>

				</div>

				"
"AKEN, ELIZABETH BOONE",":</strong></p>
<p>Writer, editor, publisher. Born&#8211; April 16, 1921, Lost Creek, Ky. Parents&#8211; Claude Neuman and Nellie Geneva (Strode) Akens. Married&#8211; Helen Morgan, August 21, 1953. Education&#8211; University of Miami, A.B., 1951; University of Alabama, M.A., 1956. Served in the U.S. Army Air Force, 1943-1946. Taught in Lost Creek, Ky., 1947-1949; edited Benham Magazine for International Harvester Company, 1949-1950; worked as freelance author, 1955-1957; Head of the Historical Department of the Marshall Space Flight Center during the 1960&#8217;s and 70&#8217;s; and head of Strode Publishers after 1957. Honors&#8211; Strode Publishers received 1976 Special Award for outstanding publishing from Alabama Library Association. Member of the American Booksellers Association and Huntsville Chamber of Commerce. Died September 15, 2012.</p>
<p>",":</strong></p>
<p>Contemporary Authors online; Who&#8217;s Who in America, 1980.</p>
<p>","(s):</strong></p>
<p>The Alabama Last Laugh Joke Book. Huntsville, Ala.; Strode, 1979.</p>
<p>Auburn Last Laugh Joke Book. Huntsville, Ala.; Strode, 1979.</p>
<p>Best Basketball Booster. Huntsville, Ala.; Strode, 1974.</p>
<p>Death of a Transplant. Huntsville, Ala.; Strode, 1971.</p>
<p>Full-Time Football. Strode, 1972.</p>
<p>Historical Chronology of the NASA Marshall Center and MSFC Programs 1960-1973. Washington, D.C.; U.S. National Aeronautics and Space Administration, 1976.</p>
<p>Historical Origins of the George C. Marshall Space Flight Center. Huntsville, Ala.; Historical Office, Office of Management Services, George C. Marshall Space Flight Center, U.S. National Aeronautics and Space Administration, 1960.</p>
<p>How to Get a Manuscript Published.  Strode, 1983.</p>
<p>How to Write Everything Better and Get It Published.  Circle Book Service, 1995.</p>
<p>John Glenn; First American in Orbit. Huntsville, Ala.; Strode, 1965.</p>
<p>Loss of Hearing and You. Huntsville, Ala.; Strode, 1970.</p>
<p>A Picture History; Rockets and Rocketry. Huntsville, Ala.; Strode, 1962.</p>
<p>Rocket City, U.S.A. Huntsville, Ala.; Strode, 1959.</p>
<p>Rockets and Rocketry; a Picture History. 2d. ed. Huntsville, Ala.; Strode, 1964.</p>
<p>Saturn Illustrated Chronology. Huntsville, Ala.; Historical Office, George C. Marshall Space Flight Center, 1973.</p>
<p>University Jokes Told with Class.  Strode, 1982.</p>
<p>University of North Carolina Last Laugh Joke Book. Huntsville, Ala.; Strode, 1981.</p>
<p>World&#8217;s Greatest Leaders; the Akens Book of Supernatural Records. Huntsville, Ala.; Strode, 1980.</p>
<p>Skylab Illustrated Chronology, 1962-73. Huntsville, Ala.; George C. Marshall Space Flight Center, 1973.</p>
<p><strong>Joint_Publication(s):</strong></p>
<p>Hearing Help. Huntsville, Ala.; Strode, 1979.</p>
<p><strong>Written_under_name_of_S.C._(Stonewall Culpepper)_Lee</strong></p>
<p>Full Time Player. Huntsville, Ala; Strode, 1971.</p>
<p>Little League Leader. Huntsville, Ala.; Strode, 1974.</p>
<p>Young Bear; the Legend of Bear Bryant&#8217;s Boyhood. Huntsville, Ala.; Strode, 1977.</p>
<p>Death of a Transplant. Huntsville, Ala.; Strode Publications, 1971.</p>
<p>The Untitled Mystery. Tomball, Tex.; Circle Book Service, 1987</p>

				</div>

				"
"AKENS, DAVID STRODE, 1921-2012",":</strong></p>
<p>Writer, editor, publisher. Born&#8211; April 16, 1921, Lost Creek, Ky. Parents&#8211; Claude Neuman and Nellie Geneva (Strode) Akens. Married&#8211; Helen Morgan, August 21, 1953. Education&#8211; University of Miami, A.B., 1951; University of Alabama, M.A., 1956. Served in the U.S. Army Air Force, 1943-1946. Taught in Lost Creek, Ky., 1947-1949; edited Benham Magazine for International Harvester Company, 1949-1950; worked as freelance author, 1955-1957; Head of the Historical Department of the Marshall Space Flight Center during the 1960&#8217;s and 70&#8217;s; and head of Strode Publishers after 1957. Honors&#8211; Strode Publishers received 1976 Special Award for outstanding publishing from Alabama Library Association. Member of the American Booksellers Association and Huntsville Chamber of Commerce. Died September 15, 2012.</p>
<p>",":</strong></p>
<p>Contemporary Authors online; Who&#8217;s Who in America, 1980.</p>
<p>","(s):</strong></p>
<p>The Alabama Last Laugh Joke Book. Huntsville, Ala.; Strode, 1979.</p>
<p>Auburn Last Laugh Joke Book. Huntsville, Ala.; Strode, 1979.</p>
<p>Best Basketball Booster. Huntsville, Ala.; Strode, 1974.</p>
<p>Death of a Transplant. Huntsville, Ala.; Strode, 1971.</p>
<p>Full-Time Football. Strode, 1972.</p>
<p>Historical Chronology of the NASA Marshall Center and MSFC Programs 1960-1973. Washington, D.C.; U.S. National Aeronautics and Space Administration, 1976.</p>
<p>Historical Origins of the George C. Marshall Space Flight Center. Huntsville, Ala.; Historical Office, Office of Management Services, George C. Marshall Space Flight Center, U.S. National Aeronautics and Space Administration, 1960.</p>
<p>How to Get a Manuscript Published.  Strode, 1983.</p>
<p>How to Write Everything Better and Get It Published.  Circle Book Service, 1995.</p>
<p>John Glenn; First American in Orbit. Huntsville, Ala.; Strode, 1965.</p>
<p>Loss of Hearing and You. Huntsville, Ala.; Strode, 1970.</p>
<p>A Picture History; Rockets and Rocketry. Huntsville, Ala.; Strode, 1962.</p>
<p>Rocket City, U.S.A. Huntsville, Ala.; Strode, 1959.</p>
<p>Rockets and Rocketry; a Picture History. 2d. ed. Huntsville, Ala.; Strode, 1964.</p>
<p>Saturn Illustrated Chronology. Huntsville, Ala.; Historical Office, George C. Marshall Space Flight Center, 1973.</p>
<p>University Jokes Told with Class.  Strode, 1982.</p>
<p>University of North Carolina Last Laugh Joke Book. Huntsville, Ala.; Strode, 1981.</p>
<p>World&#8217;s Greatest Leaders; the Akens Book of Supernatural Records. Huntsville, Ala.; Strode, 1980.</p>
<p>Skylab Illustrated Chronology, 1962-73. Huntsville, Ala.; George C. Marshall Space Flight Center, 1973.</p>
<p><strong>Joint_Publication(s):</strong></p>
<p>Hearing Help. Huntsville, Ala.; Strode, 1979.</p>
<p><strong>Written_under_name_of_S.C._(Stonewall Culpepper)_Lee</strong></p>
<p>Full Time Player. Huntsville, Ala; Strode, 1971.</p>
<p>Little League Leader. Huntsville, Ala.; Strode, 1974.</p>
<p>Young Bear; the Legend of Bear Bryant&#8217;s Boyhood. Huntsville, Ala.; Strode, 1977.</p>
<p>Death of a Transplant. Huntsville, Ala.; Strode Publications, 1971.</p>
<p>The Untitled Mystery. Tomball, Tex.; Circle Book Service, 1987</p>

				</div>

				"
"AKENS, HELEN MORGAN, 1918-2012",":</strong></p>
<p>Writer; College instructor. Born&#8211; Sunny South, Ala., August 6, 1918.  Parents&#8211; James Martin and Katherine Morgan. Married&#8211; David Strode Akens, August 21, 1953. Education&#8211; University of Montevallo, A.B.; University of Alabama, M.A., 1956; attended American University in Washington, D.C. Taught at Huntingdon College, Athens College and the University of Montevallo; served as Dean of Women at Athens College. With her husband founded Strode Publishers. Wrote a regular column for the Clarke County Democrat and for the Mobile Press Register. One short story appeared in Alabama Prize Stories, 1970. Died June 9, 2012.</p>
<p>",":</strong></p>
<p>Who&#8217;s Who in Alabama, Vol. 3; Obituary, Huntsville Times, June 11, 2012.</p>
<p>","(s):</strong></p>
<p>Alabama, Mounds to Missiles. Huntsville, Ala.; Strode, 1962.</p>
<p><strong>Joint_Publication(s):</strong></p>
<p>Alabama Heritage. Huntsville, Ala.; Strode, 1962.</p>

				</div>

				"
"AKIN, EUGENIA THOMPSON, 1903-1996",":</strong></p>
<p>Civic leader; volunteer. Born&#8211; October 7, 1903. Parents&#8211; R. DuPont and Maude (Massey) Thompson. Education&#8211; Agnes Scott College. Married&#8211; John M. Akin, Sr. Children&#8211; Three. Worked as Parent Education Chairman of the Birmingham PTA Council; taught English to internationals at Southside Baptist Church in Birmingham. Member of the Alabama Writers Conclave and of the Methodist Church. Died February 15, 1996.</p>
<p>",":</strong></p>
<p>Bull Frog Bend.</p>
<p>","(s):</strong></p>
<p>Bull Frog Bend; Echoes from Turkey Creek in Jefferson County, Alabama. Birmingham, Ala.; Jefferson County Historical Society, 1978.</p>

				</div>

				"
Alabama Authors › Create New Post — WordPress,";</strong></p>
<p>Writer; teacher of writing.  Born&#8211;Lima, Peru, 1977.  Moved to Birmingham at the age of three.  Married&#8211; Carolina Guerreo. Children&#8211; two.  Education&#8211; Indian Springs School; Columbia University, B.A. in anthropology, 1999; Iowa Writers&#8217; Workshop, M. F. A., 2003.  Author of short stories published in <em>The New Yorker </em>and other periodicals; visiting scholar/writer at several institutions including Mills College, UCBerkeley, California College of the Arts and the Headlands Center for the Arts. Fellow of the UCBerkeley School of Journalism.  PEN/Hemingway Foundation Award, 2006; Guggenheim Fellowship, 2008; Alabama Library Association Award for Fiction, 2008.  Co-founded the podcast <em>Radio Ambulante</em>, broadcast in several countries.</p>
<p>","s;</strong></p>
<p>&#8220;Daniel Alarcon:  Writing North, Pointing South,&#8221; <em>Washington Post, </em>July 23, 2006.</p>
<p>","s:</strong></p>
<p>At Night We Walk in Circles.  Riverhead Books, 2013.</p>
<p>Ciudad de Paxasous.  Lima, Peru:  Alfaguara, 2010.</p>
<p>Lost City Radio.  Harper, 2007.</p>
<p>The Secret Miracle:  The Novelist&#8217;s Handbook.  Henry Holt, 2010.</p>
<p>War by Candlelight:  Stories.  Harper, 2006.</p>

				</div>

				"
Alabama Authors › Create New Post — WordPress,";</strong></p>
<p>Writer; teacher of writing.  Born&#8211;Lima, Peru, 1977.  Moved to Birmingham at the age of three.  Married&#8211; Carolina Guerreo. Children&#8211; two.  Education&#8211; Indian Springs School; Columbia University, B.A. in anthropology, 1999; Iowa Writers&#8217; Workshop, M. F. A., 2003.  Author of short stories published in <em>The New Yorker </em>and other periodicals; visiting scholar/writer at several institutions including Mills College, UCBerkeley, California College of the Arts and the Headlands Center for the Arts. Fellow of the UCBerkeley School of Journalism.  PEN/Hemingway Foundation Award, 2006; Guggenheim Fellowship, 2008; Alabama Library Association Award for Fiction, 2008.  Co-founded the podcast <em>Radio Ambulante</em>, broadcast in several countries.</p>
<p>","s;</strong></p>
<p>&#8220;Daniel Alarcon:  Writing North, Pointing South,&#8221; <em>Washington Post, </em>July 23, 2006.</p>
<p>","s:</strong></p>
<p>At Night We Walk in Circles.  Riverhead Books, 2013.</p>
<p>Ciudad de Paxasous.  Lima, Peru:  Alfaguara, 2010.</p>
<p>Lost City Radio.  Harper, 2007.</p>
<p>The Secret Miracle:  The Novelist&#8217;s Handbook.  Henry Holt, 2010.</p>
<p>War by Candlelight:  Stories.  Harper, 2006.</p>

				</div>

				"
Alabama Authors › Create New Post — WordPress,";</strong></p>
<p>Writer; teacher of writing.  Born&#8211;Lima, Peru, 1977.  Moved to Birmingham at the age of three.  Married&#8211; Carolina Guerreo. Children&#8211; two.  Education&#8211; Indian Springs School; Columbia University, B.A. in anthropology, 1999; Iowa Writers&#8217; Workshop, M. F. A., 2003.  Author of short stories published in <em>The New Yorker </em>and other periodicals; visiting scholar/writer at several institutions including Mills College, UCBerkeley, California College of the Arts and the Headlands Center for the Arts. Fellow of the UCBerkeley School of Journalism.  PEN/Hemingway Foundation Award, 2006; Guggenheim Fellowship, 2008; Alabama Library Association Award for Fiction, 2008.  Co-founded the podcast <em>Radio Ambulante</em>, broadcast in several countries.</p>
<p>","s;</strong></p>
<p>&#8220;Daniel Alarcon:  Writing North, Pointing South,&#8221; <em>Washington Post, </em>July 23, 2006.</p>
<p>","s:</strong></p>
<p>At Night We Walk in Circles.  Riverhead Books, 2013.</p>
<p>Ciudad de Paxasous.  Lima, Peru:  Alfaguara, 2010.</p>
<p>Lost City Radio.  Harper, 2007.</p>
<p>The Secret Miracle:  The Novelist&#8217;s Handbook.  Henry Holt, 2010.</p>
<p>War by Candlelight:  Stories.  Harper, 2006.</p>

				</div>

				"
Alabama Authors › Create New Post — WordPress,";</strong></p>
<p>Writer; teacher of writing.  Born&#8211;Lima, Peru, 1977.  Moved to Birmingham at the age of three.  Married&#8211; Carolina Guerreo. Children&#8211; two.  Education&#8211; Indian Springs School; Columbia University, B.A. in anthropology, 1999; Iowa Writers&#8217; Workshop, M. F. A., 2003.  Author of short stories published in <em>The New Yorker </em>and other periodicals; visiting scholar/writer at several institutions including Mills College, UCBerkeley, California College of the Arts and the Headlands Center for the Arts. Fellow of the UCBerkeley School of Journalism.  PEN/Hemingway Foundation Award, 2006; Guggenheim Fellowship, 2008; Alabama Library Association Award for Fiction, 2008.  Co-founded the podcast <em>Radio Ambulante</em>, broadcast in several countries.</p>
<p>","s;</strong></p>
<p>&#8220;Daniel Alarcon:  Writing North, Pointing South,&#8221; <em>Washington Post, </em>July 23, 2006.</p>
<p>","s:</strong></p>
<p>At Night We Walk in Circles.  Riverhead Books, 2013.</p>
<p>Ciudad de Paxasous.  Lima, Peru:  Alfaguara, 2010.</p>
<p>Lost City Radio.  Harper, 2007.</p>
<p>The Secret Miracle:  The Novelist&#8217;s Handbook.  Henry Holt, 2010.</p>
<p>War by Candlelight:  Stories.  Harper, 2006.</p>

				</div>

				"
Alabama Authors › Create New Post — WordPress,";</strong></p>
<p>Writer; teacher of writing.  Born&#8211;Lima, Peru, 1977.  Moved to Birmingham at the age of three.  Married&#8211; Carolina Guerreo. Children&#8211; two.  Education&#8211; Indian Springs School; Columbia University, B.A. in anthropology, 1999; Iowa Writers&#8217; Workshop, M. F. A., 2003.  Author of short stories published in <em>The New Yorker </em>and other periodicals; visiting scholar/writer at several institutions including Mills College, UCBerkeley, California College of the Arts and the Headlands Center for the Arts. Fellow of the UCBerkeley School of Journalism.  PEN/Hemingway Foundation Award, 2006; Guggenheim Fellowship, 2008; Alabama Library Association Award for Fiction, 2008.  Co-founded the podcast <em>Radio Ambulante</em>, broadcast in several countries.</p>
<p>","s;</strong></p>
<p>&#8220;Daniel Alarcon:  Writing North, Pointing South,&#8221; <em>Washington Post, </em>July 23, 2006.</p>
<p>","s:</strong></p>
<p>At Night We Walk in Circles.  Riverhead Books, 2013.</p>
<p>Ciudad de Paxasous.  Lima, Peru:  Alfaguara, 2010.</p>
<p>Lost City Radio.  Harper, 2007.</p>
<p>The Secret Miracle:  The Novelist&#8217;s Handbook.  Henry Holt, 2010.</p>
<p>War by Candlelight:  Stories.  Harper, 2006.</p>

				</div>

				"
"ALARCON, DANIEL, 1977-",";</strong></p>
<p>Writer; teacher of writing.  Born&#8211;Lima, Peru, 1977.  Moved to Birmingham at the age of three.  Married&#8211; Carolina Guerreo. Children&#8211; two.  Education&#8211; Indian Springs School; Columbia University, B.A. in anthropology, 1999; Iowa Writers&#8217; Workshop, M. F. A., 2003.  Author of short stories published in <em>The New Yorker </em>and other periodicals; visiting scholar/writer at several institutions including Mills College, UCBerkeley, California College of the Arts and the Headlands Center for the Arts. Fellow of the UCBerkeley School of Journalism.  PEN/Hemingway Foundation Award, 2006; Guggenheim Fellowship, 2008; Alabama Library Association Award for Fiction, 2008.  Co-founded the podcast <em>Radio Ambulante</em>, broadcast in several countries.</p>
<p>","s;</strong></p>
<p>&#8220;Daniel Alarcon:  Writing North, Pointing South,&#8221; <em>Washington Post, </em>July 23, 2006.</p>
<p>","s:</strong></p>
<p>At Night We Walk in Circles.  Riverhead Books, 2013.</p>
<p>Ciudad de Paxasous.  Lima, Peru:  Alfaguara, 2010.</p>
<p>Lost City Radio.  Harper, 2007.</p>
<p>The Secret Miracle:  The Novelist&#8217;s Handbook.  Henry Holt, 2010.</p>
<p>War by Candlelight:  Stories.  Harper, 2006.</p>

				</div>

				"
"ALBA, NANIA CHAMPNEY, 1917-1968",":</strong></p>
<p>Poet; College instructor. Born&#8211; November 21, 1917, Montgomery, Ala. Parents&#8211; I. C. H. and Louise Taylor Champney.  Married&#8211; Reuben A. Alba, November 1937.  Children&#8211;two.  Education&#8211; Haines Institute in Augusta, Ga.; Knoxville College, B.A., 1935; attended Indiana University.  Taught at Tuskegee Institute and at Alabama State University. Died June 24, 1968.</p>
<p>",":</strong></p>
<p>Selected Black American Authors and files at Alabama Public Library Service.</p>
<p>","(s):</strong></p>
<p>The Parchments, Poetry. S.l.; s.n., 1963.</p>
<p>The Parchments II. S.l.; s.n., s.d.</p>

				</div>

				"
"ALBAUGH, JUNE MIDDLETON, 1924-",":</strong></p>
<p>Teacher, genealogist. Born&#8211; December 30, 1924, Andalusia. Parents&#8211; William R. and Mary Clyde (Pelham) Middleton. Married&#8211; Hamilton Albaugh, Jr., October 9, 1949. Children&#8211; Three. Education&#8211; University of Montevallo, B.M., 1947; attended Julliard School and Columbia University. Taught at Comer High School in Sylacauga, 1947-1949.  Researched and wrote articles on historical and genealogical subjects.  Regent of her DAR chapter; Member of the boards of various historical societies; and lineage societies.</p>
<p>",":</strong></p>
<p>June Middleton Albaugh, Short Hills, N.J.</p>
<p>","(s):</strong></p>
<p>Do the Best You Can</p>
<p>Don&#8217;t Let Go of the Rope.</p>
<p>An Exciting Saturday Night Ride in an Ambulance</p>
<p>If You Want to Walk on Water, You&#8217;ve Got to Get Out of Your Boat. Waco, Tex.; Word Books, 1978.</p>
<p>Just Get over it and Move On</p>
<p>Koinonia Ministries Guidebook. Nashville; Tidings, 1969.</p>
<p>Life Is Short</p>
<p>Lord, Please Deliver Me, I beg you, from Another Live Manger Scene</p>
<p>Second Steps for a New Man; Letters to a Growing Christian. Nashville; Tidings, 1969?</p>
<p>You Simply Can&#8217;t Trust a Talking Bird.  Lima, Ohio:  Fairway Press, 1992.</p>
<p><strong>Co-Publication(s):</strong></p>
<p>A Prisoner&#8217;s Message of Freedom and Joy; a Study-Commentary on Philippians. Atlanta; Lay Renewal Pub., 1967.</p>

				</div>

				"
"ALBRITTON, WALTER MATTHEW, JR., 1932-",":</strong></p>
<p>Methodist clergyman. Born&#8211; March 24, 1932, Wetumpka. Parents&#8211; Walter Matthew and Caroline (Johnson) Albritton. Married&#8211; Louise Eudene Brown, June 1, 1952. Children&#8211; Five. Education&#8211; Auburn University, B.S., 1954; Emory University, B.D., 1953. Ordained a deacon in the United Methodist Church, 1956 and an elder, 1958. Pastored churches in Alabama and Florida, 1953-1954; 1958-1963. Edited Pastor Magazine, 1955-1956; directed the Evangelism Program Council in Andalusia, 1963-1969; 1968-72, served on the staff of the General Board of Evangelism of the United Methodist Church, Nashville; member of the staff of the United Methodist Church in Mobile, 1972-1975; First United Methodist Church in Demopolis, 1975-89; Trinity United Methodist Church, Opelika, 1989-2002; Associate Pastor for Traditional Worship at Saint James United Methodist, Montgomery, after 2004.  Writes a weekly column &#8220;Alter Call&#8221; for the Opelika-Auburn News and a continuing commentary on the International Bible Lessons.</p>
<p>",":</strong></p>
<p>Who&#8217;s Who in Religion, 1975; Walter and Dean Albritton website</p>
<p>","(s):</strong></p>
<p>Do the Best You Can</p>
<p>Don&#8217;t Let Go of the Rope.</p>
<p>An Exciting Saturday Night Ride in an Ambulance</p>
<p>If You Want to Walk on Water, You&#8217;ve Got to Get Out of Your Boat. Waco, Tex.; Word Books, 1978.</p>
<p>Just Get over it and Move On</p>
<p>Koinonia Ministries Guidebook. Nashville; Tidings, 1969.</p>
<p>Life Is Short</p>
<p>Lord, Please Deliver Me, I beg you, from Another Live Manger Scene</p>
<p>Second Steps for a New Man; Letters to a Growing Christian. Nashville; Tidings, 1969?</p>
<p>You Simply Can&#8217;t Trust a Talking Bird.  Lima, Ohio:  Fairway Press, 1992.</p>
<p><strong>Co-Publication(s):</strong></p>
<p>A Prisoner&#8217;s Message of Freedom and Joy; a Study-Commentary on Philippians. Atlanta; Lay Renewal Pub., 1967.</p>

				</div>

				"
"ALDRICH, TRUMAN HEMINWAY, 1848-1932",":</strong></p>
<p>Engineer, businessman; U.S. Congressman. Born&#8211; October 17, 1848, Palmyra, N.Y. Parents&#8211; William Farrington and Louisa Maria (Klapp) Aldrich. Married&#8211; Anna Morrison of Newark, N.J. Children&#8211; five. Education&#8211; Attended military academy in West Chester, Pa.; M.A. in engineering, Rensselaer Polytechnic Institute, 1869. Practiced engineering in New York for two years then moved to Selma, Alabama. Executive of Tennessee Coal, Iron, and Railroad Company; founded the Cahaba Coal Mining Company.  Republican candidate for the U.S. Congress in 1894; seated near the end of the first session of the 54th Congress; postmaster of Birmingham, 1911-1915. Died April 28, 1932.</p>
<p>",":</strong></p>
<p>Biographical Directory of the American Congress, 1774-1971.</p>
<p>","(s):</strong></p>
<p>Alabama Museum of Natural History. University, Ala.; Geological Survey of Alabama, 1931.</p>
<p>Contested Election Case of T. H. Aldrich v. Oscar W. Underwood, from the Ninth Congressional District of the State of Alabama. University, Ala.; Geological Survey of Alabama, 1895.</p>
<p>Description of a Few Alabama Eocene Species and Remarks on Varieties, with Plates. University, Ala.; Geological Survey of Alabama, 1931.</p>
<p>Historical Account of Coal Mining Operations in Alabama Since 1853. University, Ala.; Geological Survey of Alabama, 1875.</p>
<p>New Eocene Fossils from the Southern Gulf States. Ithaca, N.Y.; Cornell University, Harris Co., 1911.</p>
<p>New Eocene Species from Alabama. Ithaca, N.Y.; Cornell University, Harris Co., 1921.</p>
<p>New or Little Known Tertiary Mollusca from Alabama and Texas. Ithaca, N.Y.; Cornell University, Harris and Stoneman, 1895.</p>
<p>Notes on Eocene Mollusca, With Descriptions of Some New Species. Ithaca, N.Y.; Cornell University, Harris Co., 1897.</p>
<p>Preliminary Report on the Tertiary Fossils of Alabama and Mississippi. Montgomery, Ala.; Geological Survey of Alabama, 1886.</p>
<p><strong>Joint_Publication(s):</strong></p>
<p>Footprints from the Coal Measures of Alabama. University, Ala.; Geological Survey of Alabama, 1930.</p>
<p>Report of the Geology of the Costal Plains of Alabama. Montgomery, Ala.; Brown Printing Co., 1894.</p>

				</div>

				"
"ALDRIDGE, GARET VAN ANTWERP, 1913-2000",":</strong></p>
<p>Banker. Born&#8211; September 21, 1913, Mobile. Parents&#8211; John Forniss and Sarah Catherine (Van Antwerp) Aldridge. Married&#8211; Sarah Redfield Plumb, July 13, 1944. Children&#8211; Two. Education&#8211; University of Alabama, 1935; degree from the School of Banking at Rutgers University, 1955. Began work at the Merchants National Bank in Mobile in 1935. Belonged to the Alabama Bar Association, Alabama Bankers Association, Mobile Chamber of Commerce, Newcomen Society of North America, and other organizations.  Died September 25, 2000.</p>
<p>",":</strong></p>
<p>Who&#8217;s Who in America, 1976.</p>
<p>","(s):</strong></p>
<p>A History of Trust Business in Alabama. S.l.; s.n., 1949.</p>

				</div>

				"
"ALEXANDER, JO",":</strong></p>
<p>Poet, novelist, University professor. Born&#8211; July 7, 1915, Birmingham. Married&#8211; Firnist James Alexander, June 13, 1943.  Children&#8211; Four. Education&#8211; Northwestern University, B.A., 1915; University of Iowa, M.A., 1940, Ph.D., 1965. Worked for the Federal Writers Project, 1936-39.  Taught at Livingstone College (North Carolina), 1941-1942, 1945, West Virginia State College, 1942-1943, and Jackson State College 1949-79. Founder and director of the Institute for the Study of History, Life and Culture of Black Peoples at Jackson State College, 1968-79. Contributed broadsides, articles and papers to periodicals. Member of the Modern Language Association, National Education Association, National Council of Teachers of English, and American Association of University Professors.  Winner of the Yale Series of Younger Poets Award, 1942. Received honorary doctorates from Northwestern (1974), Rust College (1974), Dennison University (1974) and Morgan State University (1974).  Named professor emerita at Jackson State on her retirement.  Died November 30, 1998.</p>
<p>",":</strong></p>
<p>Directory of American Scholars, 1974; Who&#8217;s Who Among Black Americans, 1980. Contemporary Authors online.</p>
<p>","(s):</strong></p>
<p>A Brief Introduction to Southern Literature. Jackson, Miss.; Literary Seminar, Mississippi Arts Festival, 1977.</p>
<p>For My People (verse). New Haven; Yale University Press, 1942.</p>
<p>How I Wrote Jubilee. Chicago; Third World Press, 1972.</p>
<p>Jubilee, a Civil War Novel. Iowa City; University of Iowa Press, 1955.</p>
<p>Prophets For a New Day (poems). Detroit; Broadside Press, 1970.</p>
<p>October Journey (poems). Detroit; Broadside Press, 1970.</p>
<p>How I wrote Jubilee and Other Essays on Life and Literature. New York; Feminist Press at the City University of New York, 1989.</p>
<p><strong>Joint_Publication(s):</strong></p>
<p>A Poetic Equation; Converstaions Between Nikki Giovanni and Margaret Walker. Washington; Howard University Press, 1974.</p>
<p>Richard Wright, Daemonic Genius; a Portrait of the Man, A Critical Look at his Work. New York; Warner, 1988.</p>
<p>This is My Century; New and Collected Poems. Athens, Ga.; University of Georgia Press, 1989.</p>

				</div>

				"
"ALEXANDER, MARGARET ABIGAIL WALKER, 1915-1998",":</strong></p>
<p>Poet, novelist, University professor. Born&#8211; July 7, 1915, Birmingham. Married&#8211; Firnist James Alexander, June 13, 1943.  Children&#8211; Four. Education&#8211; Northwestern University, B.A., 1915; University of Iowa, M.A., 1940, Ph.D., 1965. Worked for the Federal Writers Project, 1936-39.  Taught at Livingstone College (North Carolina), 1941-1942, 1945, West Virginia State College, 1942-1943, and Jackson State College 1949-79. Founder and director of the Institute for the Study of History, Life and Culture of Black Peoples at Jackson State College, 1968-79. Contributed broadsides, articles and papers to periodicals. Member of the Modern Language Association, National Education Association, National Council of Teachers of English, and American Association of University Professors.  Winner of the Yale Series of Younger Poets Award, 1942. Received honorary doctorates from Northwestern (1974), Rust College (1974), Dennison University (1974) and Morgan State University (1974).  Named professor emerita at Jackson State on her retirement.  Died November 30, 1998.</p>
<p>",":</strong></p>
<p>Directory of American Scholars, 1974; Who&#8217;s Who Among Black Americans, 1980. Contemporary Authors online.</p>
<p>","(s):</strong></p>
<p>A Brief Introduction to Southern Literature. Jackson, Miss.; Literary Seminar, Mississippi Arts Festival, 1977.</p>
<p>For My People (verse). New Haven; Yale University Press, 1942.</p>
<p>How I Wrote Jubilee. Chicago; Third World Press, 1972.</p>
<p>Jubilee, a Civil War Novel. Iowa City; University of Iowa Press, 1955.</p>
<p>Prophets For a New Day (poems). Detroit; Broadside Press, 1970.</p>
<p>October Journey (poems). Detroit; Broadside Press, 1970.</p>
<p>How I wrote Jubilee and Other Essays on Life and Literature. New York; Feminist Press at the City University of New York, 1989.</p>
<p><strong>Joint_Publication(s):</strong></p>
<p>A Poetic Equation; Converstaions Between Nikki Giovanni and Margaret Walker. Washington; Howard University Press, 1974.</p>
<p>Richard Wright, Daemonic Genius; a Portrait of the Man, A Critical Look at his Work. New York; Warner, 1988.</p>
<p>This is My Century; New and Collected Poems. Athens, Ga.; University of Georgia Press, 1989.</p>

				</div>

				"
"ALEXANDER, MARY JO, 1924-",":</strong></p>
<p>Chamber of Commerce employee, accountant. Born&#8211; October 31, 1924, Fort Payne. Parents&#8211; James Lester and Janie (Ashley) Tumlin. Married&#8211; John Alexander, March 2, 1941. Children&#8211; Four. Education&#8211; Fyffe High School, 1941; Snead State Junior College, 1966. Worked for the Chamber of Commerce in Boaz, Ala., as secretary, 1965-1967, and director, 1967-1971; in 1971 she was self-employed as an accountant. Honors&#8211; Honored for distinguished service by the Salvation Army.</p>
<p>",":</strong></p>
<p>Mrs. John Alexander, Boaz, Ala.</p>
<p>","(s):</strong></p>
<p>History of Boaz, Alabama. Boaz, Ala.; Boaz Chamber of Commerce, 1969.</p>

				</div>

				"
"ALEXANDER, PAUL, 1955-",":</strong></p>
<p>Writer, playwright, stage director.  Born&#8211;  1955, Birmingham.  Education&#8211;  University of  Alabama, B.A.,  1977; University of Iowa, Writer&#8217;s Workshop, M.F.A., 1979. Reporter for <em>Time </em>Houston Bureau, 1979-81. Published articles in many journals; closely associated with <em>George </em>and frequently published in <em>Rolling Stone. </em>Fellow of the Hoover Institute at Stanford, 2002.  Co-host of &#8220;Batchelder and Alexander&#8221; radio show, 2001-2003. Honors&#8211;  Recipient Academy of American Poets award.</p>
<p>",":</strong></p>
<p>Contemporary Literature in Birmingham; Wikipedia.</p>
<p>","(s):</strong></p>
<p>Blue Rooms.  Tuscaloosa, Ala.;  Elm Street Press, 1979.</p>
<p>Boulevard of Broken Dreams; The Life, Times, and Legend of James Dean.  New York; Viking Press, 1994.</p>
<p>The Candidate; Behind John Kerry&#8217;s Remarkable Run for the White House.  New York:  Riverhead Books, 1994.</p>
<p>Death and Disaster; The Rise of the Warhol Empire and the Race for Andy&#8217;s Millions.New York; Villard Books, 1994.</p>
<p>Machiavelli&#8217;s Shadow; The Rise and Fall of Karl Rove.  New York; Modern Times, 2008.</p>
<p>Man of the People;  The Life of John McCain.  Hoboken, NJ; John Wiley and Sons, 2003.</p>
<p>Rough Magic; A Biography of Sylvia Plath. New York; Viking, 1991.</p>
<p>Salinger; A Biography.  Los Angeles; Renaissance Books, 1999.</p>
<p>Strangers.  Birmingham, Ala.;  Thunder City Press, 1983.</p>
<p><strong>Editor:</strong></p>
<p>Ariel Ascending; Writings about Sylvia Plath.  New York;  Harper &amp; Row, 1984.</p>

				</div>

				"
"ALEXANDER, TRUMAN HUDSON, 1891-1941",":</strong></p>
<p>Writer; columnist. Born&#8211; October 20, 1891, Birmingham. Parents&#8211; William Brooks and Nancy (Hudson) Alexander. Married&#8211; Helen Almon, December 30, 1914. Children&#8211; Three. Education&#8211; Howard Institute, Mt. Pleasant, Tn., 1900-1909; Vanderbilt University, 1909-1912. Wrote for magazines and newspapers. Wrote a syndicated column, &#8220;I Reckon So,&#8221; 1912-1938. After 1938, wrote a syndicated weekly feature. Member of the Newcomen Society, Sigma Nu, and Methodist Church. Died September 1, 1941.</p>
<p>",":</strong></p>
<p>Who Was Who in America, Vol. 2.</p>
<p>","(s):</strong></p>
<p>Loot. Dallas, Tex.; Southwest Press, 1932.</p>
<p>They Tried to Kidnap the Kaiser and Brought Back an Ash Tray. Philadelphia; Saturday Evening Post, 1937.</p>
<p><strong>Contributor:</strong></p>
<p>Austin Peay, Governor of Tennessee, 1923-25, 1925-27, 1927-29; a Collection of State Papers and Public Addresses. Kingsport, Tenn.; Southern Publishers, Inc., 1929.</p>

				</div>

				"
